{"superior_izquierda": [-0.089744, -78.554259], "superior_derecha": [-0.089744, -78.42469], "inferior_izquierda": [-0.337253, -78.554259], "inferior_derecha": [-0.337253, -78.42469]}