{"inicio":{"0":5,"1":5,"2":5,"3":5,"4":5,"5":5,"6":5,"7":5,"8":27,"9":27,"10":27,"11":27,"12":27,"13":27,"14":27,"15":3,"16":3,"17":3,"18":3,"19":3,"20":3,"21":18,"22":18,"23":18,"24":18,"25":18,"26":25,"27":25,"28":25,"29":25,"30":41,"31":41,"32":41,"33":33,"34":33,"35":43},"final":{"0":27,"1":3,"2":18,"3":25,"4":41,"5":33,"6":43,"7":47,"8":3,"9":18,"10":25,"11":41,"12":33,"13":43,"14":47,"15":18,"16":25,"17":41,"18":33,"19":43,"20":47,"21":25,"22":41,"23":33,"24":43,"25":47,"26":41,"27":33,"28":43,"29":47,"30":33,"31":43,"32":47,"33":43,"34":47,"35":47},"distancias":{"0":9.1885949747,"1":2.8967783813,"2":9.7130077014,"3":8.7804548867,"4":17.016464462,"5":14.5239978993,"6":20.0761655619,"7":23.0522229931,"8":10.4736036786,"9":7.66691813,"10":5.7779735879,"11":13.3177763277,"12":10.5919451567,"13":16.0387621117,"14":14.5805260583,"15":8.6724925941,"16":8.3049270098,"17":15.6491262394,"18":13.4015587033,"19":18.6615927264,"20":23.2651701118,"21":1.9070155581,"22":7.3404232587,"23":4.8163983183,"24":10.4007671326,"25":15.4137616623,"26":8.7308414043,"27":6.0243862821,"28":11.7476488877,"29":15.0693355144,"30":2.7669704331,"31":3.0617477532,"32":12.8228323241,"33":5.7280259873,"34":12.4746795021,"35":12.7651345649},"cordenada_inicio":{"0":[1273.2632907445,-2.765922601,-6242.4701795135],"1":[1273.2632907445,-2.765922601,-6242.4701795135],"2":[1273.2632907445,-2.765922601,-6242.4701795135],"3":[1273.2632907445,-2.765922601,-6242.4701795135],"4":[1273.2632907445,-2.765922601,-6242.4701795135],"5":[1273.2632907445,-2.765922601,-6242.4701795135],"6":[1273.2632907445,-2.765922601,-6242.4701795135],"7":[1273.2632907445,-2.765922601,-6242.4701795135],"8":[1277.1373487964,-4.4365803909,-6241.6777799774],"9":[1277.1373487964,-4.4365803909,-6241.6777799774],"10":[1277.1373487964,-4.4365803909,-6241.6777799774],"11":[1277.1373487964,-4.4365803909,-6241.6777799774],"12":[1277.1373487964,-4.4365803909,-6241.6777799774],"13":[1277.1373487964,-4.4365803909,-6241.6777799774],"14":[1277.1373487964,-4.4365803909,-6241.6777799774],"15":[1270.4460669566,-2.8306029399,-6243.0441115406],"16":[1270.4460669566,-2.8306029399,-6243.0441115406],"17":[1270.4460669566,-2.8306029399,-6243.0441115406],"18":[1270.4460669566,-2.8306029399,-6243.0441115406],"19":[1270.4460669566,-2.8306029399,-6243.0441115406],"20":[1270.4460669566,-2.8306029399,-6243.0441115406],"21":[1269.6558804463,-4.5497775656,-6243.2038445635],"22":[1269.6558804463,-4.5497775656,-6243.2038445635],"23":[1269.6558804463,-4.5497775656,-6243.2038445635],"24":[1269.6558804463,-4.5497775656,-6243.2038445635],"25":[1269.6558804463,-4.5497775656,-6243.2038445635],"26":[1271.4835400609,-4.4767247535,-6242.8319348105],"27":[1271.4835400609,-4.4767247535,-6242.8319348105],"28":[1271.4835400609,-4.4767247535,-6242.8319348105],"29":[1271.4835400609,-4.4767247535,-6242.8319348105],"30":[1266.069085417,-5.8020030703,-6243.9311661574],"31":[1266.069085417,-5.8020030703,-6243.9311661574],"32":[1266.069085417,-5.8020030703,-6243.9311661574],"33":[1268.1219810993,-5.4511907399,-6243.5148694924],"34":[1268.1219810993,-5.4511907399,-6243.5148694924],"35":[1264.6672234849,-6.3332357027,-6244.2147387777]},"cordenada_final":{"0":[1277.1373487964,-4.4365803909,-6241.6777799774],"1":[1270.4460669566,-2.8306029399,-6243.0441115406],"2":[1269.6558804463,-4.5497775656,-6243.2038445635],"3":[1271.4835400609,-4.4767247535,-6242.8319348105],"4":[1266.069085417,-5.8020030703,-6243.9311661574],"5":[1268.1219810993,-5.4511907399,-6243.5148694924],"6":[1264.6672234849,-6.3332357027,-6244.2147387777],"7":[1276.2603335166,-7.349075607,-6241.8544161315],"8":[1270.4460669566,-2.8306029399,-6243.0441115406],"9":[1269.6558804463,-4.5497775656,-6243.2038445635],"10":[1271.4835400609,-4.4767247535,-6242.8319348105],"11":[1266.069085417,-5.8020030703,-6243.9311661574],"12":[1268.1219810993,-5.4511907399,-6243.5148694924],"13":[1264.6672234849,-6.3332357027,-6244.2147387777],"14":[1276.2603335166,-7.349075607,-6241.8544161315],"15":[1269.6558804463,-4.5497775656,-6243.2038445635],"16":[1271.4835400609,-4.4767247535,-6242.8319348105],"17":[1266.069085417,-5.8020030703,-6243.9311661574],"18":[1268.1219810993,-5.4511907399,-6243.5148694924],"19":[1264.6672234849,-6.3332357027,-6244.2147387777],"20":[1276.2603335166,-7.349075607,-6241.8544161315],"21":[1271.4835400609,-4.4767247535,-6242.8319348105],"22":[1266.069085417,-5.8020030703,-6243.9311661574],"23":[1268.1219810993,-5.4511907399,-6243.5148694924],"24":[1264.6672234849,-6.3332357027,-6244.2147387777],"25":[1276.2603335166,-7.349075607,-6241.8544161315],"26":[1266.069085417,-5.8020030703,-6243.9311661574],"27":[1268.1219810993,-5.4511907399,-6243.5148694924],"28":[1264.6672234849,-6.3332357027,-6244.2147387777],"29":[1276.2603335166,-7.349075607,-6241.8544161315],"30":[1268.1219810993,-5.4511907399,-6243.5148694924],"31":[1264.6672234849,-6.3332357027,-6244.2147387777],"32":[1276.2603335166,-7.349075607,-6241.8544161315],"33":[1264.6672234849,-6.3332357027,-6244.2147387777],"34":[1276.2603335166,-7.349075607,-6241.8544161315],"35":[1276.2603335166,-7.349075607,-6241.8544161315]},"gps_inicio":{"0":[-0.124464,-78.471611],"1":[-0.124464,-78.471611],"2":[-0.124464,-78.471611],"3":[-0.124464,-78.471611],"4":[-0.124464,-78.471611],"5":[-0.124464,-78.471611],"6":[-0.124464,-78.471611],"7":[-0.124464,-78.471611],"8":[-0.199036,-78.436008],"9":[-0.199036,-78.436008],"10":[-0.199036,-78.436008],"11":[-0.199036,-78.436008],"12":[-0.199036,-78.436008],"13":[-0.199036,-78.436008],"14":[-0.199036,-78.436008],"15":[-0.127657,-78.497466],"16":[-0.127657,-78.497466],"17":[-0.127657,-78.497466],"18":[-0.127657,-78.497466],"19":[-0.127657,-78.497466],"20":[-0.127657,-78.497466],"21":[-0.205317,-78.504672],"22":[-0.205317,-78.504672],"23":[-0.205317,-78.504672],"24":[-0.205317,-78.504672],"25":[-0.205317,-78.504672],"26":[-0.20173,-78.487901],"27":[-0.20173,-78.487901],"28":[-0.20173,-78.487901],"29":[-0.20173,-78.487901],"30":[-0.262567,-78.53754],"31":[-0.262567,-78.53754],"32":[-0.262567,-78.53754],"33":[-0.246292,-78.518716],"34":[-0.246292,-78.518716],"35":[-0.286925,-78.55038]},"gps_final":{"0":[-0.199036,-78.436008],"1":[-0.127657,-78.497466],"2":[-0.205317,-78.504672],"3":[-0.20173,-78.487901],"4":[-0.262567,-78.53754],"5":[-0.246292,-78.518716],"6":[-0.286925,-78.55038],"7":[-0.329922,-78.443935],"8":[-0.127657,-78.497466],"9":[-0.205317,-78.504672],"10":[-0.20173,-78.487901],"11":[-0.262567,-78.53754],"12":[-0.246292,-78.518716],"13":[-0.286925,-78.55038],"14":[-0.329922,-78.443935],"15":[-0.205317,-78.504672],"16":[-0.20173,-78.487901],"17":[-0.262567,-78.53754],"18":[-0.246292,-78.518716],"19":[-0.286925,-78.55038],"20":[-0.329922,-78.443935],"21":[-0.20173,-78.487901],"22":[-0.262567,-78.53754],"23":[-0.246292,-78.518716],"24":[-0.286925,-78.55038],"25":[-0.329922,-78.443935],"26":[-0.262567,-78.53754],"27":[-0.246292,-78.518716],"28":[-0.286925,-78.55038],"29":[-0.329922,-78.443935],"30":[-0.246292,-78.518716],"31":[-0.286925,-78.55038],"32":[-0.329922,-78.443935],"33":[-0.286925,-78.55038],"34":[-0.329922,-78.443935],"35":[-0.329922,-78.443935]}}