{"inicio_8":{"0":5,"1":5,"2":5,"3":5,"4":5,"5":5,"6":5,"7":27,"8":27,"9":27,"10":27,"11":27,"12":27,"13":3,"14":3,"15":3,"16":3,"17":3,"18":18,"19":18,"20":18,"21":18,"22":25,"23":25,"24":25,"25":39,"26":39,"27":37},"final_8":{"0":27,"1":3,"2":18,"3":25,"4":39,"5":37,"6":47,"7":3,"8":18,"9":25,"10":39,"11":37,"12":47,"13":18,"14":25,"15":39,"16":37,"17":47,"18":25,"19":39,"20":37,"21":47,"22":39,"23":37,"24":47,"25":37,"26":47,"27":47},"distancias_8":{"0":9.1885949747,"1":2.8967783813,"2":9.7130077014,"3":8.7804548867,"4":17.2715276241,"5":14.1357729751,"6":23.0522229931,"7":10.4736036786,"8":7.66691813,"9":5.7779735879,"10":14.0688446276,"11":10.625853019,"12":14.5805260583,"13":8.6724925941,"14":8.3049270098,"15":15.7482337557,"16":12.9209936131,"17":23.2651701118,"18":1.9070155581,"19":7.7055685313,"20":4.4272280867,"21":15.4137616623,"22":9.235689497,"23":5.7876445108,"24":15.0693355144,"25":3.4947126788,"26":13.7824154152,"27":13.1113086107},"cordenada_inicio_8":{"0":[1273.2632907445,-2.765922601,-6242.4701795135],"1":[1273.2632907445,-2.765922601,-6242.4701795135],"2":[1273.2632907445,-2.765922601,-6242.4701795135],"3":[1273.2632907445,-2.765922601,-6242.4701795135],"4":[1273.2632907445,-2.765922601,-6242.4701795135],"5":[1273.2632907445,-2.765922601,-6242.4701795135],"6":[1273.2632907445,-2.765922601,-6242.4701795135],"7":[1277.1373487964,-4.4365803909,-6241.6777799774],"8":[1277.1373487964,-4.4365803909,-6241.6777799774],"9":[1277.1373487964,-4.4365803909,-6241.6777799774],"10":[1277.1373487964,-4.4365803909,-6241.6777799774],"11":[1277.1373487964,-4.4365803909,-6241.6777799774],"12":[1277.1373487964,-4.4365803909,-6241.6777799774],"13":[1270.4460669566,-2.8306029399,-6243.0441115406],"14":[1270.4460669566,-2.8306029399,-6243.0441115406],"15":[1270.4460669566,-2.8306029399,-6243.0441115406],"16":[1270.4460669566,-2.8306029399,-6243.0441115406],"17":[1270.4460669566,-2.8306029399,-6243.0441115406],"18":[1269.6558804463,-4.5497775656,-6243.2038445635],"19":[1269.6558804463,-4.5497775656,-6243.2038445635],"20":[1269.6558804463,-4.5497775656,-6243.2038445635],"21":[1269.6558804463,-4.5497775656,-6243.2038445635],"22":[1271.4835400609,-4.4767247535,-6242.8319348105],"23":[1271.4835400609,-4.4767247535,-6242.8319348105],"24":[1271.4835400609,-4.4767247535,-6242.8319348105],"25":[1265.0809759329,-5.7515037097,-6244.1314884088],"26":[1265.0809759329,-5.7515037097,-6244.1314884088],"27":[1267.795651688,-5.3393269455,-6243.5812381316]},"cordenada_final_8":{"0":[1277.1373487964,-4.4365803909,-6241.6777799774],"1":[1270.4460669566,-2.8306029399,-6243.0441115406],"2":[1269.6558804463,-4.5497775656,-6243.2038445635],"3":[1271.4835400609,-4.4767247535,-6242.8319348105],"4":[1265.0809759329,-5.7515037097,-6244.1314884088],"5":[1267.795651688,-5.3393269455,-6243.5812381316],"6":[1276.2603335166,-7.349075607,-6241.8544161315],"7":[1270.4460669566,-2.8306029399,-6243.0441115406],"8":[1269.6558804463,-4.5497775656,-6243.2038445635],"9":[1271.4835400609,-4.4767247535,-6242.8319348105],"10":[1265.0809759329,-5.7515037097,-6244.1314884088],"11":[1267.795651688,-5.3393269455,-6243.5812381316],"12":[1276.2603335166,-7.349075607,-6241.8544161315],"13":[1269.6558804463,-4.5497775656,-6243.2038445635],"14":[1271.4835400609,-4.4767247535,-6242.8319348105],"15":[1265.0809759329,-5.7515037097,-6244.1314884088],"16":[1267.795651688,-5.3393269455,-6243.5812381316],"17":[1276.2603335166,-7.349075607,-6241.8544161315],"18":[1271.4835400609,-4.4767247535,-6242.8319348105],"19":[1265.0809759329,-5.7515037097,-6244.1314884088],"20":[1267.795651688,-5.3393269455,-6243.5812381316],"21":[1276.2603335166,-7.349075607,-6241.8544161315],"22":[1265.0809759329,-5.7515037097,-6244.1314884088],"23":[1267.795651688,-5.3393269455,-6243.5812381316],"24":[1276.2603335166,-7.349075607,-6241.8544161315],"25":[1267.795651688,-5.3393269455,-6243.5812381316],"26":[1276.2603335166,-7.349075607,-6241.8544161315],"27":[1276.2603335166,-7.349075607,-6241.8544161315]},"gps_inicio_8":{"0":[-0.124464,-78.471611],"1":[-0.124464,-78.471611],"2":[-0.124464,-78.471611],"3":[-0.124464,-78.471611],"4":[-0.124464,-78.471611],"5":[-0.124464,-78.471611],"6":[-0.124464,-78.471611],"7":[-0.199036,-78.436008],"8":[-0.199036,-78.436008],"9":[-0.199036,-78.436008],"10":[-0.199036,-78.436008],"11":[-0.199036,-78.436008],"12":[-0.199036,-78.436008],"13":[-0.127657,-78.497466],"14":[-0.127657,-78.497466],"15":[-0.127657,-78.497466],"16":[-0.127657,-78.497466],"17":[-0.127657,-78.497466],"18":[-0.205317,-78.504672],"19":[-0.205317,-78.504672],"20":[-0.205317,-78.504672],"21":[-0.205317,-78.504672],"22":[-0.20173,-78.487901],"23":[-0.20173,-78.487901],"24":[-0.20173,-78.487901],"25":[-0.260485,-78.546609],"26":[-0.260485,-78.546609],"27":[-0.2413,-78.521715]},"gps_final_8":{"0":[-0.199036,-78.436008],"1":[-0.127657,-78.497466],"2":[-0.205317,-78.504672],"3":[-0.20173,-78.487901],"4":[-0.260485,-78.546609],"5":[-0.2413,-78.521715],"6":[-0.329922,-78.443935],"7":[-0.127657,-78.497466],"8":[-0.205317,-78.504672],"9":[-0.20173,-78.487901],"10":[-0.260485,-78.546609],"11":[-0.2413,-78.521715],"12":[-0.329922,-78.443935],"13":[-0.205317,-78.504672],"14":[-0.20173,-78.487901],"15":[-0.260485,-78.546609],"16":[-0.2413,-78.521715],"17":[-0.329922,-78.443935],"18":[-0.20173,-78.487901],"19":[-0.260485,-78.546609],"20":[-0.2413,-78.521715],"21":[-0.329922,-78.443935],"22":[-0.260485,-78.546609],"23":[-0.2413,-78.521715],"24":[-0.329922,-78.443935],"25":[-0.2413,-78.521715],"26":[-0.329922,-78.443935],"27":[-0.329922,-78.443935]}}