{"inicio_7":{"0":5,"1":5,"2":5,"3":5,"4":5,"5":5,"6":27,"7":27,"8":27,"9":27,"10":27,"11":11,"12":11,"13":11,"14":11,"15":18,"16":18,"17":18,"18":39,"19":39,"20":37},"final_7":{"0":27,"1":11,"2":18,"3":39,"4":37,"5":47,"6":11,"7":18,"8":39,"9":37,"10":47,"11":18,"12":39,"13":37,"14":47,"15":39,"16":37,"17":47,"18":37,"19":47,"20":47},"distancias_7":{"0":9.1885949747,"1":5.7361614396,"2":9.7130077014,"3":17.2715276241,"4":14.1357729751,"5":23.0522229931,"6":6.619780077,"7":7.66691813,"8":14.0688446276,"9":10.625853019,"10":14.5805260583,"11":3.9851743352,"12":11.6317064582,"13":8.4123811,"14":18.184070722,"15":7.7055685313,"16":4.4272280867,"17":15.4137616623,"18":3.4947126788,"19":13.7824154152,"20":13.1113086107},"cordenada_inicio_7":{"0":[1273.2632907445,-2.765922601,-6242.4701795135],"1":[1273.2632907445,-2.765922601,-6242.4701795135],"2":[1273.2632907445,-2.765922601,-6242.4701795135],"3":[1273.2632907445,-2.765922601,-6242.4701795135],"4":[1273.2632907445,-2.765922601,-6242.4701795135],"5":[1273.2632907445,-2.765922601,-6242.4701795135],"6":[1277.1373487964,-4.4365803909,-6241.6777799774],"7":[1277.1373487964,-4.4365803909,-6241.6777799774],"8":[1277.1373487964,-4.4365803909,-6241.6777799774],"9":[1277.1373487964,-4.4365803909,-6241.6777799774],"10":[1277.1373487964,-4.4365803909,-6241.6777799774],"11":[1271.3139170387,-3.8354910201,-6242.8669065865],"12":[1271.3139170387,-3.8354910201,-6242.8669065865],"13":[1271.3139170387,-3.8354910201,-6242.8669065865],"14":[1271.3139170387,-3.8354910201,-6242.8669065865],"15":[1269.6558804463,-4.5497775656,-6243.2038445635],"16":[1269.6558804463,-4.5497775656,-6243.2038445635],"17":[1269.6558804463,-4.5497775656,-6243.2038445635],"18":[1265.0809759329,-5.7515037097,-6244.1314884088],"19":[1265.0809759329,-5.7515037097,-6244.1314884088],"20":[1267.795651688,-5.3393269455,-6243.5812381316]},"cordenada_final_7":{"0":[1277.1373487964,-4.4365803909,-6241.6777799774],"1":[1271.3139170387,-3.8354910201,-6242.8669065865],"2":[1269.6558804463,-4.5497775656,-6243.2038445635],"3":[1265.0809759329,-5.7515037097,-6244.1314884088],"4":[1267.795651688,-5.3393269455,-6243.5812381316],"5":[1276.2603335166,-7.349075607,-6241.8544161315],"6":[1271.3139170387,-3.8354910201,-6242.8669065865],"7":[1269.6558804463,-4.5497775656,-6243.2038445635],"8":[1265.0809759329,-5.7515037097,-6244.1314884088],"9":[1267.795651688,-5.3393269455,-6243.5812381316],"10":[1276.2603335166,-7.349075607,-6241.8544161315],"11":[1269.6558804463,-4.5497775656,-6243.2038445635],"12":[1265.0809759329,-5.7515037097,-6244.1314884088],"13":[1267.795651688,-5.3393269455,-6243.5812381316],"14":[1276.2603335166,-7.349075607,-6241.8544161315],"15":[1265.0809759329,-5.7515037097,-6244.1314884088],"16":[1267.795651688,-5.3393269455,-6243.5812381316],"17":[1276.2603335166,-7.349075607,-6241.8544161315],"18":[1267.795651688,-5.3393269455,-6243.5812381316],"19":[1276.2603335166,-7.349075607,-6241.8544161315],"20":[1276.2603335166,-7.349075607,-6241.8544161315]},"gps_inicio_7":{"0":[-0.124464,-78.471611],"1":[-0.124464,-78.471611],"2":[-0.124464,-78.471611],"3":[-0.124464,-78.471611],"4":[-0.124464,-78.471611],"5":[-0.124464,-78.471611],"6":[-0.199036,-78.436008],"7":[-0.199036,-78.436008],"8":[-0.199036,-78.436008],"9":[-0.199036,-78.436008],"10":[-0.199036,-78.436008],"11":[-0.172858,-78.489477],"12":[-0.172858,-78.489477],"13":[-0.172858,-78.489477],"14":[-0.172858,-78.489477],"15":[-0.205317,-78.504672],"16":[-0.205317,-78.504672],"17":[-0.205317,-78.504672],"18":[-0.260485,-78.546609],"19":[-0.260485,-78.546609],"20":[-0.2413,-78.521715]},"gps_final_7":{"0":[-0.199036,-78.436008],"1":[-0.172858,-78.489477],"2":[-0.205317,-78.504672],"3":[-0.260485,-78.546609],"4":[-0.2413,-78.521715],"5":[-0.329922,-78.443935],"6":[-0.172858,-78.489477],"7":[-0.205317,-78.504672],"8":[-0.260485,-78.546609],"9":[-0.2413,-78.521715],"10":[-0.329922,-78.443935],"11":[-0.205317,-78.504672],"12":[-0.260485,-78.546609],"13":[-0.2413,-78.521715],"14":[-0.329922,-78.443935],"15":[-0.260485,-78.546609],"16":[-0.2413,-78.521715],"17":[-0.329922,-78.443935],"18":[-0.2413,-78.521715],"19":[-0.329922,-78.443935],"20":[-0.329922,-78.443935]}}