{"inicio_6":{"0":5,"1":5,"2":5,"3":5,"4":5,"5":27,"6":27,"7":27,"8":27,"9":15,"10":15,"11":15,"12":33,"13":33,"14":39},"final_6":{"0":27,"1":15,"2":33,"3":39,"4":47,"5":15,"6":33,"7":39,"8":47,"9":33,"10":39,"11":47,"12":39,"13":47,"14":47},"distancias_6":{"0":9.1885949747,"1":7.3124453453,"2":14.5239978993,"3":17.2715276241,"4":23.0522229931,"5":6.7364302513,"6":10.5919451567,"7":14.0688446276,"8":14.5805260583,"9":7.2116187617,"10":10.0788300688,"11":16.9995941602,"12":3.4799668372,"13":12.4746795021,"14":13.7824154152},"cordenada_inicio_6":{"0":[1273.2632907445,-2.765922601,-6242.4701795135],"1":[1273.2632907445,-2.765922601,-6242.4701795135],"2":[1273.2632907445,-2.765922601,-6242.4701795135],"3":[1273.2632907445,-2.765922601,-6242.4701795135],"4":[1273.2632907445,-2.765922601,-6242.4701795135],"5":[1277.1373487964,-4.4365803909,-6241.6777799774],"6":[1277.1373487964,-4.4365803909,-6241.6777799774],"7":[1277.1373487964,-4.4365803909,-6241.6777799774],"8":[1277.1373487964,-4.4365803909,-6241.6777799774],"9":[1270.6956507679,-4.1222507584,-6242.9925973181],"10":[1270.6956507679,-4.1222507584,-6242.9925973181],"11":[1270.6956507679,-4.1222507584,-6242.9925973181],"12":[1268.1219810993,-5.4511907399,-6243.5148694924],"13":[1268.1219810993,-5.4511907399,-6243.5148694924],"14":[1265.0809759329,-5.7515037097,-6244.1314884088]},"cordenada_final_6":{"0":[1277.1373487964,-4.4365803909,-6241.6777799774],"1":[1270.6956507679,-4.1222507584,-6242.9925973181],"2":[1268.1219810993,-5.4511907399,-6243.5148694924],"3":[1265.0809759329,-5.7515037097,-6244.1314884088],"4":[1276.2603335166,-7.349075607,-6241.8544161315],"5":[1270.6956507679,-4.1222507584,-6242.9925973181],"6":[1268.1219810993,-5.4511907399,-6243.5148694924],"7":[1265.0809759329,-5.7515037097,-6244.1314884088],"8":[1276.2603335166,-7.349075607,-6241.8544161315],"9":[1268.1219810993,-5.4511907399,-6243.5148694924],"10":[1265.0809759329,-5.7515037097,-6244.1314884088],"11":[1276.2603335166,-7.349075607,-6241.8544161315],"12":[1265.0809759329,-5.7515037097,-6244.1314884088],"13":[1276.2603335166,-7.349075607,-6241.8544161315],"14":[1276.2603335166,-7.349075607,-6241.8544161315]},"gps_inicio_6":{"0":[-0.124464,-78.471611],"1":[-0.124464,-78.471611],"2":[-0.124464,-78.471611],"3":[-0.124464,-78.471611],"4":[-0.124464,-78.471611],"5":[-0.199036,-78.436008],"6":[-0.199036,-78.436008],"7":[-0.199036,-78.436008],"8":[-0.199036,-78.436008],"9":[-0.185872,-78.495143],"10":[-0.185872,-78.495143],"11":[-0.185872,-78.495143],"12":[-0.246292,-78.518716],"13":[-0.246292,-78.518716],"14":[-0.260485,-78.546609]},"gps_final_6":{"0":[-0.199036,-78.436008],"1":[-0.185872,-78.495143],"2":[-0.246292,-78.518716],"3":[-0.260485,-78.546609],"4":[-0.329922,-78.443935],"5":[-0.185872,-78.495143],"6":[-0.246292,-78.518716],"7":[-0.260485,-78.546609],"8":[-0.329922,-78.443935],"9":[-0.246292,-78.518716],"10":[-0.260485,-78.546609],"11":[-0.329922,-78.443935],"12":[-0.260485,-78.546609],"13":[-0.329922,-78.443935],"14":[-0.329922,-78.443935]}}