{"inicio_5":{"0":12,"1":12,"2":12,"3":12,"4":27,"5":27,"6":27,"7":18,"8":18,"9":41},"final_5":{"0":27,"1":18,"2":41,"3":47,"4":18,"5":41,"6":47,"7":41,"8":47,"9":47},"distancias_5":{"0":6.6308211523,"1":4.305718124,"2":11.6368399038,"3":18.4247582631,"4":7.66691813,"5":13.3177763277,"6":14.5805260583,"7":7.3404232587,"8":15.4137616623,"9":12.8228323241},"cordenada_inicio_5":{"0":[1271.449306616,-3.7781580447,-6242.8393689272],"1":[1271.449306616,-3.7781580447,-6242.8393689272],"2":[1271.449306616,-3.7781580447,-6242.8393689272],"3":[1271.449306616,-3.7781580447,-6242.8393689272],"4":[1277.1373487964,-4.4365803909,-6241.6777799774],"5":[1277.1373487964,-4.4365803909,-6241.6777799774],"6":[1277.1373487964,-4.4365803909,-6241.6777799774],"7":[1269.6558804463,-4.5497775656,-6243.2038445635],"8":[1269.6558804463,-4.5497775656,-6243.2038445635],"9":[1266.069085417,-5.8020030703,-6243.9311661574]},"cordenada_final_5":{"0":[1277.1373487964,-4.4365803909,-6241.6777799774],"1":[1269.6558804463,-4.5497775656,-6243.2038445635],"2":[1266.069085417,-5.8020030703,-6243.9311661574],"3":[1276.2603335166,-7.349075607,-6241.8544161315],"4":[1269.6558804463,-4.5497775656,-6243.2038445635],"5":[1266.069085417,-5.8020030703,-6243.9311661574],"6":[1276.2603335166,-7.349075607,-6241.8544161315],"7":[1266.069085417,-5.8020030703,-6243.9311661574],"8":[1276.2603335166,-7.349075607,-6241.8544161315],"9":[1276.2603335166,-7.349075607,-6241.8544161315]},"gps_inicio_5":{"0":[-0.170256,-78.488236],"1":[-0.170256,-78.488236],"2":[-0.170256,-78.488236],"3":[-0.170256,-78.488236],"4":[-0.199036,-78.436008],"5":[-0.199036,-78.436008],"6":[-0.199036,-78.436008],"7":[-0.205317,-78.504672],"8":[-0.205317,-78.504672],"9":[-0.262567,-78.53754]},"gps_final_5":{"0":[-0.199036,-78.436008],"1":[-0.205317,-78.504672],"2":[-0.262567,-78.53754],"3":[-0.329922,-78.443935],"4":[-0.205317,-78.504672],"5":[-0.262567,-78.53754],"6":[-0.329922,-78.443935],"7":[-0.262567,-78.53754],"8":[-0.329922,-78.443935],"9":[-0.329922,-78.443935]}}