{"inicio_3":{"0":15,"1":15,"2":44},"final_3":{"0":44,"1":30,"2":30},"distancias_3":{"0":13.6240470228,"1":7.650567758,"2":11.6254838012},"cordenada_inicio_3":{"0":[1270.6956507679,-4.1222507584,-6242.9925973181],"1":[1270.6956507679,-4.1222507584,-6242.9925973181],"2":[1276.2881939644,-6.6176666777,-6241.849537792]},"cordenada_final_3":{"0":[1276.2881939644,-6.6176666777,-6241.849537792],"1":[1266.5354328553,-5.3746938479,-6243.8369701641],"2":[1266.5354328553,-5.3746938479,-6243.8369701641]},"gps_inicio_3":{"0":[-0.185872,-78.495143],"1":[-0.185872,-78.495143],"2":[-0.297081,-78.443716]},"gps_final_3":{"0":[-0.297081,-78.443716],"1":[-0.24314,-78.533278],"2":[-0.24314,-78.533278]}}