{"inicio_4":{"0":12,"1":12,"2":12,"3":44,"4":44,"5":18},"final_4":{"0":44,"1":18,"2":41,"3":18,"4":41,"5":41},"distancias_4":{"0":14.9459289667,"1":4.305718124,"2":11.6368399038,"3":12.2497215644,"4":11.1161279193,"5":7.3404232587},"cordenada_inicio_4":{"0":[1271.449306616,-3.7781580447,-6242.8393689272],"1":[1271.449306616,-3.7781580447,-6242.8393689272],"2":[1271.449306616,-3.7781580447,-6242.8393689272],"3":[1276.2881939644,-6.6176666777,-6241.849537792],"4":[1276.2881939644,-6.6176666777,-6241.849537792],"5":[1269.6558804463,-4.5497775656,-6243.2038445635]},"cordenada_final_4":{"0":[1276.2881939644,-6.6176666777,-6241.849537792],"1":[1269.6558804463,-4.5497775656,-6243.2038445635],"2":[1266.069085417,-5.8020030703,-6243.9311661574],"3":[1269.6558804463,-4.5497775656,-6243.2038445635],"4":[1266.069085417,-5.8020030703,-6243.9311661574],"5":[1266.069085417,-5.8020030703,-6243.9311661574]},"gps_inicio_4":{"0":[-0.170256,-78.488236],"1":[-0.170256,-78.488236],"2":[-0.170256,-78.488236],"3":[-0.297081,-78.443716],"4":[-0.297081,-78.443716],"5":[-0.205317,-78.504672]},"gps_final_4":{"0":[-0.297081,-78.443716],"1":[-0.205317,-78.504672],"2":[-0.262567,-78.53754],"3":[-0.205317,-78.504672],"4":[-0.262567,-78.53754],"5":[-0.262567,-78.53754]}}