{"inicio_10":{"0":5,"1":5,"2":5,"3":5,"4":5,"5":5,"6":5,"7":5,"8":5,"9":1,"10":1,"11":1,"12":1,"13":1,"14":1,"15":1,"16":1,"17":3,"18":3,"19":3,"20":3,"21":3,"22":3,"23":3,"24":18,"25":18,"26":18,"27":18,"28":18,"29":18,"30":25,"31":25,"32":25,"33":25,"34":25,"35":27,"36":27,"37":27,"38":27,"39":35,"40":35,"41":35,"42":37,"43":37,"44":43},"final_10":{"0":1,"1":3,"2":18,"3":25,"4":27,"5":35,"6":37,"7":43,"8":47,"9":3,"10":18,"11":25,"12":27,"13":35,"14":37,"15":43,"16":47,"17":18,"18":25,"19":27,"20":35,"21":37,"22":43,"23":47,"24":25,"25":27,"26":35,"27":37,"28":43,"29":47,"30":27,"31":35,"32":37,"33":43,"34":47,"35":35,"36":37,"37":43,"38":47,"39":37,"40":43,"41":47,"42":43,"43":47,"44":47},"distancias_10":{"0":5.2931222601,"1":2.8967783813,"2":9.7130077014,"3":8.7804548867,"4":9.1885949747,"5":15.4052894198,"6":14.1357729751,"7":20.0761655619,"8":23.0522229931,"9":7.8285974872,"10":14.6831589782,"11":13.4535752398,"12":11.8899853208,"13":20.5237812673,"14":19.0939172486,"15":25.0811487598,"16":26.4558505942,"17":8.6724925941,"18":8.3049270098,"19":10.4736036786,"20":13.8504763152,"21":12.9209936131,"22":18.6615927264,"23":23.2651701118,"24":1.9070155581,"25":7.66691813,"26":5.9337103573,"27":4.4272280867,"28":10.4007671326,"29":15.4137616623,"30":5.7779735879,"31":7.5765827077,"32":5.7876445108,"33":11.7476488877,"34":15.0693355144,"35":12.7226420998,"36":10.625853019,"37":16.0387621117,"38":14.5805260583,"39":2.1793017739,"40":4.8476445699,"41":14.3962009113,"42":5.9914415881,"43":13.1113086107,"44":12.7651345649},"cordenada_inicio_10":{"0":[1273.2632907445,-2.765922601,-6242.4701795135],"1":[1273.2632907445,-2.765922601,-6242.4701795135],"2":[1273.2632907445,-2.765922601,-6242.4701795135],"3":[1273.2632907445,-2.765922601,-6242.4701795135],"4":[1273.2632907445,-2.765922601,-6242.4701795135],"5":[1273.2632907445,-2.765922601,-6242.4701795135],"6":[1273.2632907445,-2.765922601,-6242.4701795135],"7":[1273.2632907445,-2.765922601,-6242.4701795135],"8":[1273.2632907445,-2.765922601,-6242.4701795135],"9":[1277.0685641688,-2.0530239873,-6241.6930930241],"10":[1277.0685641688,-2.0530239873,-6241.6930930241],"11":[1277.0685641688,-2.0530239873,-6241.6930930241],"12":[1277.0685641688,-2.0530239873,-6241.6930930241],"13":[1277.0685641688,-2.0530239873,-6241.6930930241],"14":[1277.0685641688,-2.0530239873,-6241.6930930241],"15":[1277.0685641688,-2.0530239873,-6241.6930930241],"16":[1277.0685641688,-2.0530239873,-6241.6930930241],"17":[1270.4460669566,-2.8306029399,-6243.0441115406],"18":[1270.4460669566,-2.8306029399,-6243.0441115406],"19":[1270.4460669566,-2.8306029399,-6243.0441115406],"20":[1270.4460669566,-2.8306029399,-6243.0441115406],"21":[1270.4460669566,-2.8306029399,-6243.0441115406],"22":[1270.4460669566,-2.8306029399,-6243.0441115406],"23":[1270.4460669566,-2.8306029399,-6243.0441115406],"24":[1269.6558804463,-4.5497775656,-6243.2038445635],"25":[1269.6558804463,-4.5497775656,-6243.2038445635],"26":[1269.6558804463,-4.5497775656,-6243.2038445635],"27":[1269.6558804463,-4.5497775656,-6243.2038445635],"28":[1269.6558804463,-4.5497775656,-6243.2038445635],"29":[1269.6558804463,-4.5497775656,-6243.2038445635],"30":[1271.4835400609,-4.4767247535,-6242.8319348105],"31":[1271.4835400609,-4.4767247535,-6242.8319348105],"32":[1271.4835400609,-4.4767247535,-6242.8319348105],"33":[1271.4835400609,-4.4767247535,-6242.8319348105],"34":[1271.4835400609,-4.4767247535,-6242.8319348105],"35":[1277.1373487964,-4.4365803909,-6241.6777799774],"36":[1277.1373487964,-4.4365803909,-6241.6777799774],"37":[1277.1373487964,-4.4365803909,-6241.6777799774],"38":[1277.1373487964,-4.4365803909,-6241.6777799774],"39":[1265.6853076631,-5.3974405359,-6244.0093345223],"40":[1265.6853076631,-5.3974405359,-6244.0093345223],"41":[1265.6853076631,-5.3974405359,-6244.0093345223],"42":[1267.795651688,-5.3393269455,-6243.5812381316],"43":[1267.795651688,-5.3393269455,-6243.5812381316],"44":[1264.6672234849,-6.3332357027,-6244.2147387777]},"cordenada_final_10":{"0":[1277.0685641688,-2.0530239873,-6241.6930930241],"1":[1270.4460669566,-2.8306029399,-6243.0441115406],"2":[1269.6558804463,-4.5497775656,-6243.2038445635],"3":[1271.4835400609,-4.4767247535,-6242.8319348105],"4":[1277.1373487964,-4.4365803909,-6241.6777799774],"5":[1265.6853076631,-5.3974405359,-6244.0093345223],"6":[1267.795651688,-5.3393269455,-6243.5812381316],"7":[1264.6672234849,-6.3332357027,-6244.2147387777],"8":[1276.2603335166,-7.349075607,-6241.8544161315],"9":[1270.4460669566,-2.8306029399,-6243.0441115406],"10":[1269.6558804463,-4.5497775656,-6243.2038445635],"11":[1271.4835400609,-4.4767247535,-6242.8319348105],"12":[1277.1373487964,-4.4365803909,-6241.6777799774],"13":[1265.6853076631,-5.3974405359,-6244.0093345223],"14":[1267.795651688,-5.3393269455,-6243.5812381316],"15":[1264.6672234849,-6.3332357027,-6244.2147387777],"16":[1276.2603335166,-7.349075607,-6241.8544161315],"17":[1269.6558804463,-4.5497775656,-6243.2038445635],"18":[1271.4835400609,-4.4767247535,-6242.8319348105],"19":[1277.1373487964,-4.4365803909,-6241.6777799774],"20":[1265.6853076631,-5.3974405359,-6244.0093345223],"21":[1267.795651688,-5.3393269455,-6243.5812381316],"22":[1264.6672234849,-6.3332357027,-6244.2147387777],"23":[1276.2603335166,-7.349075607,-6241.8544161315],"24":[1271.4835400609,-4.4767247535,-6242.8319348105],"25":[1277.1373487964,-4.4365803909,-6241.6777799774],"26":[1265.6853076631,-5.3974405359,-6244.0093345223],"27":[1267.795651688,-5.3393269455,-6243.5812381316],"28":[1264.6672234849,-6.3332357027,-6244.2147387777],"29":[1276.2603335166,-7.349075607,-6241.8544161315],"30":[1277.1373487964,-4.4365803909,-6241.6777799774],"31":[1265.6853076631,-5.3974405359,-6244.0093345223],"32":[1267.795651688,-5.3393269455,-6243.5812381316],"33":[1264.6672234849,-6.3332357027,-6244.2147387777],"34":[1276.2603335166,-7.349075607,-6241.8544161315],"35":[1265.6853076631,-5.3974405359,-6244.0093345223],"36":[1267.795651688,-5.3393269455,-6243.5812381316],"37":[1264.6672234849,-6.3332357027,-6244.2147387777],"38":[1276.2603335166,-7.349075607,-6241.8544161315],"39":[1267.795651688,-5.3393269455,-6243.5812381316],"40":[1264.6672234849,-6.3332357027,-6244.2147387777],"41":[1276.2603335166,-7.349075607,-6241.8544161315],"42":[1264.6672234849,-6.3332357027,-6244.2147387777],"43":[1276.2603335166,-7.349075607,-6241.8544161315],"44":[1276.2603335166,-7.349075607,-6241.8544161315]},"gps_inicio_10":{"0":[-0.124464,-78.471611],"1":[-0.124464,-78.471611],"2":[-0.124464,-78.471611],"3":[-0.124464,-78.471611],"4":[-0.124464,-78.471611],"5":[-0.124464,-78.471611],"6":[-0.124464,-78.471611],"7":[-0.124464,-78.471611],"8":[-0.124464,-78.471611],"9":[-0.092109,-78.436695],"10":[-0.092109,-78.436695],"11":[-0.092109,-78.436695],"12":[-0.092109,-78.436695],"13":[-0.092109,-78.436695],"14":[-0.092109,-78.436695],"15":[-0.092109,-78.436695],"16":[-0.092109,-78.436695],"17":[-0.127657,-78.497466],"18":[-0.127657,-78.497466],"19":[-0.127657,-78.497466],"20":[-0.127657,-78.497466],"21":[-0.127657,-78.497466],"22":[-0.127657,-78.497466],"23":[-0.127657,-78.497466],"24":[-0.205317,-78.504672],"25":[-0.205317,-78.504672],"26":[-0.205317,-78.504672],"27":[-0.205317,-78.504672],"28":[-0.205317,-78.504672],"29":[-0.205317,-78.504672],"30":[-0.20173,-78.487901],"31":[-0.20173,-78.487901],"32":[-0.20173,-78.487901],"33":[-0.20173,-78.487901],"34":[-0.20173,-78.487901],"35":[-0.199036,-78.436008],"36":[-0.199036,-78.436008],"37":[-0.199036,-78.436008],"38":[-0.199036,-78.436008],"39":[-0.244333,-78.541078],"40":[-0.244333,-78.541078],"41":[-0.244333,-78.541078],"42":[-0.2413,-78.521715],"43":[-0.2413,-78.521715],"44":[-0.286925,-78.55038]},"gps_final_10":{"0":[-0.092109,-78.436695],"1":[-0.127657,-78.497466],"2":[-0.205317,-78.504672],"3":[-0.20173,-78.487901],"4":[-0.199036,-78.436008],"5":[-0.244333,-78.541078],"6":[-0.2413,-78.521715],"7":[-0.286925,-78.55038],"8":[-0.329922,-78.443935],"9":[-0.127657,-78.497466],"10":[-0.205317,-78.504672],"11":[-0.20173,-78.487901],