{"inicio_9":{"0":5,"1":5,"2":5,"3":5,"4":5,"5":5,"6":5,"7":5,"8":1,"9":1,"10":1,"11":1,"12":1,"13":1,"14":1,"15":3,"16":3,"17":3,"18":3,"19":3,"20":3,"21":18,"22":18,"23":18,"24":18,"25":18,"26":25,"27":25,"28":25,"29":25,"30":27,"31":27,"32":27,"33":39,"34":39,"35":37},"final_9":{"0":1,"1":3,"2":18,"3":25,"4":27,"5":39,"6":37,"7":47,"8":3,"9":18,"10":25,"11":27,"12":39,"13":37,"14":47,"15":18,"16":25,"17":27,"18":39,"19":37,"20":47,"21":25,"22":27,"23":39,"24":37,"25":47,"26":27,"27":39,"28":37,"29":47,"30":39,"31":37,"32":47,"33":37,"34":47,"35":47},"distancias_9":{"0":5.2931222601,"1":2.8967783813,"2":9.7130077014,"3":8.7804548867,"4":9.1885949747,"5":17.2715276241,"6":14.1357729751,"7":23.0522229931,"8":7.8285974872,"9":14.6831589782,"10":13.4535752398,"11":11.8899853208,"12":22.3585989743,"13":19.0939172486,"14":26.4558505942,"15":8.6724925941,"16":8.3049270098,"17":10.4736036786,"18":15.7482337557,"19":12.9209936131,"20":23.2651701118,"21":1.9070155581,"22":7.66691813,"23":7.7055685313,"24":4.4272280867,"25":15.4137616623,"26":5.7779735879,"27":9.235689497,"28":5.7876445108,"29":15.0693355144,"30":14.0688446276,"31":10.625853019,"32":14.5805260583,"33":3.4947126788,"34":13.7824154152,"35":13.1113086107},"cordenada_inicio_9":{"0":[1273.2632907445,-2.765922601,-6242.4701795135],"1":[1273.2632907445,-2.765922601,-6242.4701795135],"2":[1273.2632907445,-2.765922601,-6242.4701795135],"3":[1273.2632907445,-2.765922601,-6242.4701795135],"4":[1273.2632907445,-2.765922601,-6242.4701795135],"5":[1273.2632907445,-2.765922601,-6242.4701795135],"6":[1273.2632907445,-2.765922601,-6242.4701795135],"7":[1273.2632907445,-2.765922601,-6242.4701795135],"8":[1277.0685641688,-2.0530239873,-6241.6930930241],"9":[1277.0685641688,-2.0530239873,-6241.6930930241],"10":[1277.0685641688,-2.0530239873,-6241.6930930241],"11":[1277.0685641688,-2.0530239873,-6241.6930930241],"12":[1277.0685641688,-2.0530239873,-6241.6930930241],"13":[1277.0685641688,-2.0530239873,-6241.6930930241],"14":[1277.0685641688,-2.0530239873,-6241.6930930241],"15":[1270.4460669566,-2.8306029399,-6243.0441115406],"16":[1270.4460669566,-2.8306029399,-6243.0441115406],"17":[1270.4460669566,-2.8306029399,-6243.0441115406],"18":[1270.4460669566,-2.8306029399,-6243.0441115406],"19":[1270.4460669566,-2.8306029399,-6243.0441115406],"20":[1270.4460669566,-2.8306029399,-6243.0441115406],"21":[1269.6558804463,-4.5497775656,-6243.2038445635],"22":[1269.6558804463,-4.5497775656,-6243.2038445635],"23":[1269.6558804463,-4.5497775656,-6243.2038445635],"24":[1269.6558804463,-4.5497775656,-6243.2038445635],"25":[1269.6558804463,-4.5497775656,-6243.2038445635],"26":[1271.4835400609,-4.4767247535,-6242.8319348105],"27":[1271.4835400609,-4.4767247535,-6242.8319348105],"28":[1271.4835400609,-4.4767247535,-6242.8319348105],"29":[1271.4835400609,-4.4767247535,-6242.8319348105],"30":[1277.1373487964,-4.4365803909,-6241.6777799774],"31":[1277.1373487964,-4.4365803909,-6241.6777799774],"32":[1277.1373487964,-4.4365803909,-6241.6777799774],"33":[1265.0809759329,-5.7515037097,-6244.1314884088],"34":[1265.0809759329,-5.7515037097,-6244.1314884088],"35":[1267.795651688,-5.3393269455,-6243.5812381316]},"cordenada_final_9":{"0":[1277.0685641688,-2.0530239873,-6241.6930930241],"1":[1270.4460669566,-2.8306029399,-6243.0441115406],"2":[1269.6558804463,-4.5497775656,-6243.2038445635],"3":[1271.4835400609,-4.4767247535,-6242.8319348105],"4":[1277.1373487964,-4.4365803909,-6241.6777799774],"5":[1265.0809759329,-5.7515037097,-6244.1314884088],"6":[1267.795651688,-5.3393269455,-6243.5812381316],"7":[1276.2603335166,-7.349075607,-6241.8544161315],"8":[1270.4460669566,-2.8306029399,-6243.0441115406],"9":[1269.6558804463,-4.5497775656,-6243.2038445635],"10":[1271.4835400609,-4.4767247535,-6242.8319348105],"11":[1277.1373487964,-4.4365803909,-6241.6777799774],"12":[1265.0809759329,-5.7515037097,-6244.1314884088],"13":[1267.795651688,-5.3393269455,-6243.5812381316],"14":[1276.2603335166,-7.349075607,-6241.8544161315],"15":[1269.6558804463,-4.5497775656,-6243.2038445635],"16":[1271.4835400609,-4.4767247535,-6242.8319348105],"17":[1277.1373487964,-4.4365803909,-6241.6777799774],"18":[1265.0809759329,-5.7515037097,-6244.1314884088],"19":[1267.795651688,-5.3393269455,-6243.5812381316],"20":[1276.2603335166,-7.349075607,-6241.8544161315],"21":[1271.4835400609,-4.4767247535,-6242.8319348105],"22":[1277.1373487964,-4.4365803909,-6241.6777799774],"23":[1265.0809759329,-5.7515037097,-6244.1314884088],"24":[1267.795651688,-5.3393269455,-6243.5812381316],"25":[1276.2603335166,-7.349075607,-6241.8544161315],"26":[1277.1373487964,-4.4365803909,-6241.6777799774],"27":[1265.0809759329,-5.7515037097,-6244.1314884088],"28":[1267.795651688,-5.3393269455,-6243.5812381316],"29":[1276.2603335166,-7.349075607,-6241.8544161315],"30":[1265.0809759329,-5.7515037097,-6244.1314884088],"31":[1267.795651688,-5.3393269455,-6243.5812381316],"32":[1276.2603335166,-7.349075607,-6241.8544161315],"33":[1267.795651688,-5.3393269455,-6243.5812381316],"34":[1276.2603335166,-7.349075607,-6241.8544161315],"35":[1276.2603335166,-7.349075607,-6241.8544161315]},"gps_inicio_9":{"0":[-0.124464,-78.471611],"1":[-0.124464,-78.471611],"2":[-0.124464,-78.471611],"3":[-0.124464,-78.471611],"4":[-0.124464,-78.471611],"5":[-0.124464,-78.471611],"6":[-0.124464,-78.471611],"7":[-0.124464,-78.471611],"8":[-0.092109,-78.436695],"9":[-0.092109,-78.436695],"10":[-0.092109,-78.436695],"11":[-0.092109,-78.436695],"12":[-0.092109,-78.436695],"13":[-0.092109,-78.436695],"14":[-0.092109,-78.436695],"15":[-0.127657,-78.497466],"16":[-0.127657,-78.497466],"17":[-0.127657,-78.497466],"18":[-0.127657,-78.497466],"19":[-0.127657,-78.497466],"20":[-0.127657,-78.497466],"21":[-0.205317,-78.504672],"22":[-0.205317,-78.504672],"23":[-0.205317,-78.504672],"24":[-0.205317,-78.504672],"25":[-0.205317,-78.504672],"26":[-0.20173,-78.487901],"27":[-0.20173,-78.487901],"28":[-0.20173,-78.487901],"29":[-0.20173,-78.487901],"30":[-0.199036,-78.436008],"31":[-0.199036,-78.436008],"32":[-0.199036,-78.436008],"33":[-0.260485,-78.546609],"34":[-0.260485,-78.546609],"35":[-0.2413,-78.521715]},"gps_final_9":{"0":[-0.092109,-78.436695],"1":[-0.127657,-78.497466],"2":[-0.205317,-78.504672],"3":[-0.20173,-78.487901],"4":[-0.199036,-78.436008],"5":[-0.260485,-78.546609],"6":[-0.2413,-78.521715],"7":[-0.329922,-78.443935],"8":[-0.127657,-78.497466],"9":[-0.205317,-78.504672],"10":[-0.20173,-78.487901],"11":[-0.199036,-78.436008],"12":[-0.260485,-78.546609],"13":[-0.2413,-78.521715],"14":[-0.329922,-78.443935],"15":[-0.205317,-78.504672],"16":[-0.20173,-78.487901],"17":[-0.199036,-78.436008],"18":[-0.260485,-78.546609],"19":[-0.2413,-78.521715],"20":[-0.329922,-78.443935],"21":[-0.20173,-78.487901],"22":[-0.199036,-78.436008],"23":[-0.260485,-78.546609],"24":[-0.2413,-78.521715],"25":[-0.329922,-78.443935],"26":[-0.199036,-78.436008],"27":[-0.260485,-78.546609],"28":[-0.2413,-78.521715],"29":[-0.329922,-78.443935],"30":[-0.260485,-78.546609],"31":[-0.2413,-78.521715],"32":[-0.329922,-78.443935],"33":[-0.2413,-78.521715],"34":[-0.329922,-78.443935],"35":[-0.329922,-78.443935]}}